{"en_it": 0.02300914814791133, "fine_tuned_en_es_": 0.042610063363542866}