{"en_it": 0.03194556700657548, "fine_tuned_en_es_": 0.19844000168135997}